Cumulated Regrets ; Chosen Arms ; Rewards
28.4544;0;1.54562
57.2142;0;1.24019
87.1947;0;0.0194592
116.905;0;0.289441
146.17;0;0.73531
175.85;0;0.320475
205.699;0;0.150869
234.961;0;0.737968
264.268;0;0.692696
292.904;0;1.36367
322.631;0;0.273485
